"","EST_IDw","OUTLET_IDw","NAME","LONGdd","LATdd","EcoType_na","RLE_NBA18","PL_NBA18","PES2018","type","zone","extent","RLE","EPL","RLE_EPL","realm","protection_level","threat_status"
"1",1,1,"Orange",16.45780397,-28.63574397,"Cool Temperate Large Fluvially Dominated","Endangered","Not Protected","D","Cool Temperate Large Fluvially Dominated","CTemp",30.190584603,"EN","PP","EN_PP","est","Poorly Protected","Endangered"
"2",2,4,"Buffels",17.05062778,-29.67726944,"Cool Temperate Arid Predominantly Closed","Endangered","Moderately","D","Cool Temperate Arid Predominantly Closed","CTemp",14.4021165679,"EN","PP","EN_PP","est","Poorly Protected","Endangered"
"3",3,5,"Swartlintjies",17.25922778,-30.26319167,"Cool Temperate Arid Predominantly Closed","Endangered","Moderately","B","Cool Temperate Arid Predominantly Closed","CTemp",14.4021165679,"EN","PP","EN_PP","est","Poorly Protected","Endangered"
"4",4,6,"Spoeg",17.35873,-30.47269194,"Cool Temperate Arid Predominantly Closed","Endangered","Moderately","A/B","Cool Temperate Arid Predominantly Closed","CTemp",14.4021165679,"EN","PP","EN_PP","est","Poorly Protected","Endangered"
"5",5,8,"Groen",17.576563,-30.84679778,"Cool Temperate Arid Predominantly Closed","Endangered","Moderately","B","Cool Temperate Arid Predominantly Closed","CTemp",14.4021165679,"EN","PP","EN_PP","est","Poorly Protected","Endangered"
"6",6,10,"Sout (Noord)",17.84841197,-31.24477972,"Cool Temperate Arid Predominantly Closed","Endangered","Moderately","E","Cool Temperate Arid Predominantly Closed","CTemp",14.4021165679,"EN","PP","EN_PP","est","Poorly Protected","Endangered"
"7",7,12,"Olifants",18.18711897,-31.70104397,"Cool Temperate Predominantly Open","Endangered","Not Protected","C","Cool Temperate Predominantly Open","CTemp",152.598212237,"EN","NP","EN_NP","est","Not Protected","Endangered"
"8",8,14,"Jakkals",18.313416,-32.084641,"Cool Temperate Large Temporarily Closed","Critically Endangered","Poorly","D","Cool Temperate Large Temporarily Closed","CTemp",32.839120096,"EN","PP","EN_PP","est","Poorly Protected","Endangered"
"9",9,15,"Wadrift",18.32526997,-32.20458583,"Cool Temperate Arid Predominantly Closed","Endangered","Moderately","E","Cool Temperate Arid Predominantly Closed","CTemp",14.4021165679,"EN","PP","EN_PP","est","Poorly Protected","Endangered"
"10",10,16,"Verlorenvlei",18.33317397,-32.31592194,"Cool Temperate Estuarine Lake","Endangered","Poorly","D","Cool Temperate Estuarine Lake","CTemp",70.930767172,"EN","PP","EN_PP","est","Poorly Protected","Endangered"
"11",11,18,"Groot Berg",18.143885,-32.76974889,"Cool Temperate Predominantly Open","Endangered","Not Protected","C","Cool Temperate Predominantly Open","CTemp",152.598212237,"EN","NP","EN_NP","est","Not Protected","Endangered"
"12",12,22,"Langebaan",18.02193611,-33.09732222,"Cool Temperate Estuarine Lagoon","Vulnerable","Moderately","B","Cool Temperate Estuarine Lagoon","CTemp",60.0688314212,"EN","MP","EN_MP","est","Moderately Protected","Endangered"
"13",13,34,"Diep/Rietvlei",18.482143,-33.88990389,"Cool Temperate Large Temporarily Closed","Critically Endangered","Poorly","D","Cool Temperate Large Temporarily Closed","CTemp",32.839120096,"EN","PP","EN_PP","est","Poorly Protected","Endangered"
"14",14,35,"Sout (Wes)",18.47158597,-33.90803472,"Cool Temperate Large Temporarily Closed","Critically Endangered","Poorly","F","Cool Temperate Large Temporarily Closed","CTemp",32.839120096,"EN","PP","EN_PP","est","Poorly Protected","Endangered"
"15",15,36,"Disa",18.3545,-34.04639097,"Cool Temperate Large Temporarily Closed","Critically Endangered","Poorly","E","Cool Temperate Large Temporarily Closed","CTemp",32.839120096,"EN","PP","EN_PP","est","Poorly Protected","Endangered"
"16",16,38,"Wildevoëlvlei",18.343287,-34.127411,"Cool Temperate Large Temporarily Closed","Critically Endangered","Poorly","D/E","Cool Temperate Large Temporarily Closed","CTemp",32.839120096,"EN","PP","EN_PP","est","Poorly Protected","Endangered"
"17",17,40,"Schuster",18.37090697,-34.20204497,"Cool Temperate Small Temporarily Closed","Endangered","Well","B","Cool Temperate Small Temporarily Closed","CTemp",5.17640367488,"VU","MP","VU_MP","est","Moderately Protected","Vulnerable"
"18",18,41,"Krom",18.378401,-34.23094194,"Cool Temperate Small Temporarily Closed","Endangered","Well","A/B","Cool Temperate Small Temporarily Closed","CTemp",5.17640367488,"VU","MP","VU_MP","est","Moderately Protected","Vulnerable"
"19",19,46,"Silwermyn",18.43892297,-34.13276297,"Cool Temperate Large Temporarily Closed","Critically Endangered","Poorly","E","Cool Temperate Large Temporarily Closed","CTemp",32.839120096,"EN","PP","EN_PP","est","Poorly Protected","Endangered"
"20",20,47,"Zand",18.4765,-34.10638397,"Cool Temperate Large Temporarily Closed","Critically Endangered","Poorly","D","Cool Temperate Large Temporarily Closed","CTemp",32.839120096,"EN","PP","EN_PP","est","Poorly Protected","Endangered"
"21",21,48,"Zeekoei",18.50493397,-34.09841897,"Cool Temperate Estuarine Lake","Endangered","Poorly","E","Cool Temperate Estuarine Lake","CTemp",70.930767172,"EN","PP","EN_PP","est","Poorly Protected","Endangered"
"22",22,49,"Eerste",18.753723,-34.07882697,"Cool Temperate Large Temporarily Closed","Critically Endangered","Poorly","E","Cool Temperate Large Temporarily Closed","CTemp",32.839120096,"EN","PP","EN_PP","est","Poorly Protected","Endangered"
"23",23,50,"Lourens",18.81084297,-34.100052,"Cool Temperate Small Temporarily Closed","Endangered","Well","D","Cool Temperate Small Temporarily Closed","CTemp",5.17640367488,"VU","MP","VU_MP","est","Moderately Protected","Vulnerable"
"24",24,52,"Sir Lowry’s Pass",18.864895,-34.15556,"Cool Temperate Small Temporarily Closed","Endangered","Well","E","Cool Temperate Small Temporarily Closed","CTemp",5.17640367488,"VU","MP","VU_MP","est","Moderately Protected","Vulnerable"
"25",25,53,"Steenbras",18.819412,-34.19481889,"Cool Temperate Small Fluvially Dominated","Least Concern","Well","B","Cool Temperate Small Fluvially Dominated","CTemp",0.039565514447,"VU","WP","VU_WP","est","Well Protected","Vulnerable"
"26",26,54,"Rooiels",18.821045,-34.29577389,"Cool Temperate Small Temporarily Closed","Endangered","Well","A","Cool Temperate Small Temporarily Closed","CTemp",5.17640367488,"VU","MP","VU_MP","est","Moderately Protected","Vulnerable"
"27",27,55,"Buffels (Oos)",18.82953497,-34.33894694,"Cool Temperate Small Temporarily Closed","Endangered","Well","B","Cool Temperate Small Temporarily Closed","CTemp",5.17640367488,"VU","MP","VU_MP","est","Moderately Protected","Vulnerable"
"28",28,56,"Palmiet",18.99414097,-34.34544,"Cool Temperate Large Temporarily Closed","Critically Endangered","Poorly","C","Cool Temperate Large Temporarily Closed","CTemp",32.839120096,"EN","PP","EN_PP","est","Poorly Protected","Endangered"
"29",29,57,"Bot/Kleinmond",19.09713197,-34.368431,"Cool Temperate Estuarine Lake","Endangered","Poorly","C","Cool Temperate Estuarine Lake","CTemp",70.930767172,"EN","PP","EN_PP","est","Poorly Protected","Endangered"
"30",30,58,"Onrus",19.178692,-34.418652,"Cool Temperate Small Temporarily Closed","Endangered","Well","D","Cool Temperate Small Temporarily Closed","CTemp",5.17640367488,"VU","MP","VU_MP","est","Moderately Protected","Vulnerable"
"31",31,60,"Klein",19.29815897,-34.42065389,"Cool Temperate Estuarine Lake","Endangered","Poorly","C","Cool Temperate Estuarine Lake","CTemp",70.930767172,"EN","PP","EN_PP","est","Poorly Protected","Endangered"
"32",32,61,"Uilkraals",19.40763497,-34.60754889,"Cool Temperate Predominantly Open","Endangered","Not Protected","D","Cool Temperate Predominantly Open","CTemp",152.598212237,"EN","NP","EN_NP","est","Not Protected","Endangered"
"33",33,63,"Ratel",19.746506,-34.77101889,"Cool Temperate Small Temporarily Closed","Endangered","Well","B","Cool Temperate Small Temporarily Closed","CTemp",5.17640367488,"VU","MP","VU_MP","est","Moderately Protected","Vulnerable"
"34",34,65,"Heuningnes",20.119246,-34.71479,"Warm Temperate Estuarine Lake","Endangered","Moderately","C/D","Warm Temperate Estuarine Lake","WTemp",143.423569509,"EN","MP","EN_MP","est","Moderately Protected","Endangered"
"35",35,66,"Klipdrifsfontein",20.73133197,-34.451906,"Warm Temperate Small Temporarily Closed","Least Concern","Well","A","Warm Temperate Small Temporarily Closed","WTemp",16.1027211742,"LC","MP","LC_MP","est","Moderately Protected","Least Concern"
"36",36,68,"Breede",20.84533197,-34.40743389,"Warm Temperate Predominantly Open","Vulnerable","Poorly","B/C","Warm Temperate Predominantly Open","WTemp",176.692482939,"VU","PP","VU_PP","est","Poorly Protected","Vulnerable"
"37",37,69,"Duiwenhoks",21.001182,-34.36502972,"Warm Temperate Predominantly Open","Vulnerable","Poorly","C","Warm Temperate Predominantly Open","WTemp",176.692482939,"VU","PP","VU_PP","est","Poorly Protected","Vulnerable"
"38",38,70,"Goukou",21.423527,-34.37835194,"Warm Temperate Predominantly Open","Vulnerable","Poorly","C","Warm Temperate Predominantly Open","WTemp",176.692482939,"VU","PP","VU_PP","est","Poorly Protected","Vulnerable"
"39",39,71,"Gouritz",21.885904,-34.34534083,"Warm Temperate Predominantly Open","Vulnerable","Poorly","C/D","Warm Temperate Predominantly Open","WTemp",176.692482939,"VU","PP","VU_PP","est","Poorly Protected","Vulnerable"
"40",40,72,"Blinde",22.012947,-34.21085,"Warm Temperate Small Temporarily Closed","Least Concern","Well","B/C","Warm Temperate Small Temporarily Closed","WTemp",16.1027211742,"LC","MP","LC_MP","est","Moderately Protected","Least Concern"
"41",41,73,"Tweekuilen",22.11169722,-34.15153056,"Warm Temperate Small Temporarily Closed","Least Concern","Well","D/E","Warm Temperate Small Temporarily Closed","WTemp",16.1027211742,"LC","MP","LC_MP","est","Moderately Protected","Least Concern"
"42",42,74,"Gericke",22.11041667,-34.14398611,"Warm Temperate Small Temporarily Closed","Least Concern","Well","D/E","Warm Temperate Small Temporarily Closed","WTemp",16.1027211742,"LC","MP","LC_MP","est","Moderately Protected","Least Concern"
"43",43,75,"Hartenbos",22.125782,-34.115112,"Warm Temperate Large Temporarily Closed","Vulnerable","Moderately","D","Warm Temperate Large Temporarily Closed","WTemp",69.2596673221,"VU","PP","VU_PP","est","Poorly Protected","Vulnerable"
"44",44,76,"Klein Brak",22.148586,-34.09293,"Warm Temperate Large Temporarily Closed","Vulnerable","Moderately","C","Warm Temperate Large Temporarily Closed","WTemp",69.2596673221,"VU","PP","VU_PP","est","Poorly Protected","Vulnerable"
"45",45,77,"Groot Brak",22.23929197,-34.057254,"Warm Temperate Large Temporarily Closed","Vulnerable","Moderately","D","Warm Temperate Large Temporarily Closed","WTemp",69.2596673221,"VU","PP","VU_PP","est","Poorly Protected","Vulnerable"
"46",46,79,"Maalgate",22.35443897,-34.05438997,"Warm Temperate Large Temporarily Closed","Vulnerable","Moderately","B","Warm Temperate Large Temporarily Closed","WTemp",69.2596673221,"VU","PP","VU_PP","est","Poorly Protected","Vulnerable"
"47",47,80,"Gwaing",22.434139,-34.05646897,"Warm Temperate Small Temporarily Closed","Least Concern","Well","B/C","Warm Temperate Small Temporarily Closed","WTemp",16.1027211742,"LC","MP","LC_MP","est","Moderately Protected","Least Concern"
"48",48,84,"Kaaimans",22.55705597,-33.99781389,"Warm Temperate Predominantly Open","Vulnerable","Poorly","B","Warm Temperate Predominantly Open","WTemp",176.692482939,"VU","PP","VU_PP","est","Poorly Protected","Vulnerable"
"49",49,85,"Touw/Wilderness",22.58112697,-33.99575778,"Warm Temperate Estuarine Lake","Endangered","Moderately","B/C","Warm Temperate Estuarine Lake","WTemp",143.423569509,"EN","MP","EN_MP","est","Moderately Protected","Endangered"
"50",50,86,"Swartvlei",22.79625597,-34.031516,"Warm Temperate Estuarine Lake","Endangered","Moderately","B/C","Warm Temperate Estuarine Lake","WTemp",143.423569509,"EN","MP","EN_MP","est","Moderately Protected","Endangered"
"51",51,87,"Goukamma",22.94913497,-34.07716097,"Warm Temperate Large Temporarily Closed","Vulnerable","Moderately","A/B","Warm Temperate Large Temporarily Closed","WTemp",69.2596673221,"VU","PP","VU_PP","est","Poorly Protected","Vulnerable"
"52",52,88,"Knysna",23.061453,-34.082706,"Warm Temperate Estuarine Bay","Vulnerable","Moderately","B/C","Warm Temperate Estuarine Bay","WTemp",30.1056471284,"VU","MP","VU_MP","est","Moderately Protected","Vulnerable"
"53",53,89,"Noetsie",23.12915397,-34.080302,"Warm Temperate Small Temporarily Closed","Least Concern","Well","B","Warm Temperate Small Temporarily Closed","WTemp",16.1027211742,"LC","MP","LC_MP","est","Moderately Protected","Least Concern"
"54",54,93,"Piesang",23.37876197,-34.060465,"Warm Temperate Large Temporarily Closed","Vulnerable","Moderately","D","Warm Temperate Large Temporarily Closed","WTemp",69.2596673221,"VU","PP","VU_PP","est","Poorly Protected","Vulnerable"
"55",55,94,"Keurbooms",23.378187,-34.04984997,"Warm Temperate Predominantly Open","Vulnerable","Poorly","A/B","Warm Temperate Predominantly Open","WTemp",176.692482939,"VU","PP","VU_PP","est","Poorly Protected","Vulnerable"
"56",56,95,"Matjies",23.470182,-34.001965,"Warm Temperate Small Temporarily Closed","Least Concern","Well","A/B","Warm Temperate Small Temporarily Closed","WTemp",16.1027211742,"LC","MP","LC_MP","est","Moderately Protected","Least Concern"
"57",57,97,"Sout (Oos)",23.536543,-33.98950194,"Warm Temperate Predominantly Open","Vulnerable","Poorly","A","Warm Temperate Predominantly Open","WTemp",176.692482939,"VU","PP","VU_PP","est","Poorly Protected","Vulnerable"
"58",58,98,"Groot (Wes)",23.56918,-33.98178083,"Warm Temperate Small Temporarily Closed","Least Concern","Well","B","Warm Temperate Small Temporarily Closed","WTemp",16.1027211742,"LC","MP","LC_MP","est","Moderately Protected","Least Concern"
"59",59,101,"Bloukrans",23.647469,-33.97964472,"Warm Temperate Small Fluvially Dominated","Least Concern","Well","A","Warm Temperate Small Fluvially Dominated","WTemp",1.22435829857,"LC","WP","LC_WP","est","Well Protected","Least Concern"
"60",60,103,"Lottering",23.73595,-33.99551,"Warm Temperate Small Fluvially Dominated","Least Concern","Well","A","Warm Temperate Small Fluvially Dominated","WTemp",1.22435829857,"LC","WP","LC_WP","est","Well Protected","Least Concern"
"61",61,104,"Elandsbos",23.767942,-34.00351297,"Warm Temperate Small Fluvially Dominated","Least Concern","Well","A","Warm Temperate Small Fluvially Dominated","WTemp",1.22435829857,"LC","WP","LC_WP","est","Well Protected","Least Concern"
"62",62,107,"Storms",23.902988,-34.020974,"Warm Temperate Small Fluvially Dominated","Least Concern","Well","A","Warm Temperate Small Fluvially Dominated","WTemp",1.22435829857,"LC","WP","LC_WP","est","Well Protected","Least Concern"
"63",63,111,"Elands",24.079086,-34.04398297,"Warm Temperate Small Fluvially Dominated","Least Concern","Well","A","Warm Temperate Small Fluvially Dominated","WTemp",1.22435829857,"LC","WP","LC_WP","est","Well Protected","Least Concern"
"64",64,112,"Groot (Oos)",24.19501897,-34.05989497,"Warm Temperate Small Fluvially Dominated","Least Concern","Well","A/B","Warm Temperate Small Fluvially Dominated","WTemp",1.22435829857,"LC","WP","LC_WP","est","Well Protected","Least Concern"
"65",65,117,"Tsitsikamma",24.438326,-34.135593,"Warm Temperate Small Temporarily Closed","Least Concern","Well","B","Warm Temperate Small Temporarily Closed","WTemp",16.1027211742,"LC","MP","LC_MP","est","Moderately Protected","Least Concern"
"66",66,118,"Klipdrif (Oos)",24.637049,-34.17236694,"Warm Temperate Small Temporarily Closed","Least Concern","Well","B/C","Warm Temperate Small Temporarily Closed","WTemp",16.1027211742,"LC","MP","LC_MP","est","Moderately Protected","Least Concern"
"67",67,119,"Slang",24.65370197,-34.17412889,"Warm Temperate Small Temporarily Closed","Least Concern","Well","C/D","Warm Temperate Small Temporarily Closed","WTemp",16.1027211742,"LC","MP","LC_MP","est","Moderately Protected","Least Concern"
"68",68,120,"Kromme",24.842728,-34.14296697,"Warm Temperate Predominantly Open","Vulnerable","Poorly","D","Warm Temperate Predominantly Open","WTemp",176.692482939,"VU","PP","VU_PP","est","Poorly Protected","Vulnerable"
"69",69,121,"Seekoei",24.910743,-34.08666997,"Warm Temperate Large Temporarily Closed","Vulnerable","Moderately","D/E","Warm Temperate Large Temporarily Closed","WTemp",69.2596673221,"VU","PP","VU_PP","est","Poorly Protected","Vulnerable"
"70",70,123,"Kabeljous",24.932503,-34.00880697,"Warm Temperate Large Temporarily Closed","Vulnerable","Moderately","C","Warm Temperate Large Temporarily Closed","WTemp",69.2596673221,"VU","PP","VU_PP","est","Poorly Protected","Vulnerable"
"71",71,124,"Gamtoos",25.034714,-33.97042472,"Warm Temperate Predominantly Open","Vulnerable","Poorly","B/C","Warm Temperate Predominantly Open","WTemp",176.692482939,"VU","PP","VU_PP","est","Poorly Protected","Vulnerable"
"72",72,125,"Van Stadens",25.22034597,-33.97055389,"Warm Temperate Large Temporarily Closed","Vulnerable","Moderately","B","Warm Temperate Large Temporarily Closed","WTemp",69.2596673221,"VU","PP","VU_PP","est","Poorly Protected","Vulnerable"
"73",73,126,"Maitland",25.29195197,-33.98803694,"Warm Temperate Large Temporarily Closed","Vulnerable","Moderately","B/C","Warm Temperate Large Temporarily Closed","WTemp",69.2596673221,"VU","PP","VU_PP","est","Poorly Protected","Vulnerable"
"74",74,127,"Baakens",25.630013,-33.96372972,"Warm Temperate Small Temporarily Closed","Least Concern","Well","E","Warm Temperate Small Temporarily Closed","WTemp",16.1027211742,"LC","MP","LC_MP","est","Moderately Protected","Least Concern"
"75",75,128,"Papkuils",25.613886,-33.917293,"Warm Temperate Small Temporarily Closed","Least Concern","Well","F","Warm Temperate Small Temporarily Closed","WTemp",16.1027211742,"LC","MP","LC_MP","est","Moderately Protected","Least Concern"
"76",76,129,"Swartkops",25.63304497,-33.86624472,"Warm Temperate Predominantly Open","Vulnerable","Poorly","D","Warm Temperate Predominantly Open","WTemp",176.692482939,"VU","PP","VU_PP","est","Poorly Protected","Vulnerable"
"77",77,130,"Coega (Ngqurha)",25.690739,-33.79538,"Warm Temperate Large Temporarily Closed","Vulnerable","Moderately","E","Warm Temperate Large Temporarily Closed","WTemp",69.2596673221,"VU","PP","VU_PP","est","Poorly Protected","Vulnerable"
"78",78,131,"Sundays",25.853725,-33.72183583,"Warm Temperate Predominantly Open","Vulnerable","Poorly","C","Warm Temperate Predominantly Open","WTemp",176.692482939,"VU","PP","VU_PP","est","Poorly Protected","Vulnerable"
"79",79,132,"Boknes",26.586261,-33.72717278,"Warm Temperate Small Temporarily Closed","Least Concern","Well","C","Warm Temperate Small Temporarily Closed","WTemp",16.1027211742,"LC","MP","LC_MP","est","Moderately Protected","Least Concern"
"80",80,133,"Bushmans",26.663622,-33.69491583,"Warm Temperate Predominantly Open","Vulnerable","Poorly","B/C","Warm Temperate Predominantly Open","WTemp",176.692482939,"VU","PP","VU_PP","est","Poorly Protected","Vulnerable"
"81",81,134,"Kariega",26.686399,-33.68277083,"Warm Temperate Predominantly Open","Vulnerable","Poorly","C","Warm Temperate Predominantly Open","WTemp",176.692482939,"VU","PP","VU_PP","est","Poorly Protected","Vulnerable"
"82",82,135,"Grant's",26.70302,-33.66955889,"Warm Temperate Small Temporarily Closed","Least Concern","Well","C","Warm Temperate Small Temporarily Closed","WTemp",16.1027211742,"LC","MP","LC_MP","est","Moderately Protected","Least Concern"
"83",83,136,"Kasouga",26.735298,-33.65409472,"Warm Temperate Large Temporarily Closed","Vulnerable","Moderately","B","Warm Temperate Large Temporarily Closed","WTemp",69.2596673221,"VU","PP","VU_PP","est","Poorly Protected","Vulnerable"
"84",84,138,"Kowie",26.901634,-33.60362583,"Warm Temperate Predominantly Open","Vulnerable","Poorly","C","Warm Temperate Predominantly Open","WTemp",176.692482939,"VU","PP","VU_PP","est","Poorly Protected","Vulnerable"
"85",85,139,"Rufane",26.935827,-33.58083194,"Warm Temperate Small Temporarily Closed","Least Concern","Well","C","Warm Temperate Small Temporarily Closed","WTemp",16.1027211742,"LC","MP","LC_MP","est","Moderately Protected","Least Concern"
"86",86,140,"Riet",27.01385197,-33.56120278,"Warm Temperate Small Temporarily Closed","Least Concern","Well","B","Warm Temperate Small Temporarily Closed","WTemp",16.1027211742,"LC","MP","LC_MP","est","Moderately Protected","Least Concern"
"87",87,141,"West Kleinemonde",27.04615197,-33.54134583,"Warm Temperate Large Temporarily Closed","Vulnerable","Moderately","B","Warm Temperate Large Temporarily Closed","WTemp",69.2596673221,"VU","PP","VU_PP","est","Poorly Protected","Vulnerable"
"88",88,142,"East Kleinemonde",27.04932497,-33.53902583,"Warm Temperate Large Temporarily Closed","Vulnerable","Moderately","B","Warm Temperate Large Temporarily Closed","WTemp",69.2596673221,"VU","PP","VU_PP","est","Poorly Protected","Vulnerable"
"89",89,144,"Great Fish",27.140684,-33.49522778,"Warm Temperate Predominantly Open","Vulnerable","Poorly","C","Warm Temperate Predominantly Open","WTemp",176.692482939,"VU","PP","VU_PP","est","Poorly Protected","Vulnerable"
"90",90,145,"Old Woman’s",27.14807,-33.48277083,"Warm Temperate Large Temporarily Closed","Vulnerable","Moderately","C","Warm Temperate Large Temporarily Closed","WTemp",69.2596673221,"VU","PP","VU_PP","est","Poorly Protected","Vulnerable"
"91",91,147,"Mpekweni",27.231176,-33.43801194,"Warm Temperate Large Temporarily Closed","Vulnerable","Moderately","B","Warm Temperate Large Temporarily Closed","WTemp",69.2596673221,"VU","PP","VU_PP","est","Poorly Protected","Vulnerable"
"92",92,148,"Mtati (Mthathi)",27.25907197,-33.42287778,"Warm Temperate Large Temporarily Closed","Vulnerable","Moderately","B","Warm Temperate Large Temporarily Closed","WTemp",69.2596673221,"VU","PP","VU_PP","est","Poorly Protected","Vulnerable"
"93",93,149,"Mgwalana",27.274214,-33.41302389,"Warm Temperate Large Temporarily Closed","Vulnerable","Moderately","B","Warm Temperate Large Temporarily Closed","WTemp",69.2596673221,"VU","PP","VU_PP","est","Poorly Protected","Vulnerable"
"94",94,150,"Bira (Bhirha)",27.326031,-33.38376,"Warm Temperate Large Temporarily Closed","Vulnerable","Moderately","B","Warm Temperate Large Temporarily Closed","WTemp",69.2596673221,"VU","PP","VU_PP","est","Poorly Protected","Vulnerable"
"95",95,151,"Gqutywa",27.358079,-33.3625,"Warm Temperate Large Temporarily Closed","Vulnerable","Moderately","B","Warm Temperate Large Temporarily Closed","WTemp",69.2596673221,"VU","PP","VU_PP","est","Poorly Protected","Vulnerable"
"96",96,152,"Ngculura (Ngculurha)",27.367916,-33.35807694,"Warm Temperate Small Temporarily Closed","Least Concern","Well","B","Warm Temperate Small Temporarily Closed","WTemp",16.1027211742,"LC","MP","LC_MP","est","Moderately Protected","Least Concern"
"97",97,155,"Mtana",27.432165,-33.31860497,"Warm Temperate Small Temporarily Closed","Least Concern","Well","B","Warm Temperate Small Temporarily Closed","WTemp",16.1027211742,"LC","MP","LC_MP","est","Moderately Protected","Least Concern"
"98",98,156,"Keiskamma",27.491233,-33.28148,"Warm Temperate Predominantly Open","Vulnerable","Poorly","B/C","Warm Temperate Predominantly Open","WTemp",176.692482939,"VU","PP","VU_PP","est","Poorly Protected","Vulnerable"
"99",99,158,"Nqinisa",27.527936,-33.25273897,"Warm Temperate Small Temporarily Closed","Least Concern","Well","A/B","Warm Temperate Small Temporarily Closed","WTemp",16.1027211742,"LC","MP","LC_MP","est","Moderately Protected","Least Concern"
"100",100,159,"Kiwane (Khiwane)",27.543167,-33.24830194,"Warm Temperate Large Temporarily Closed","Vulnerable","Moderately","A/B","Warm Temperate Large Temporarily Closed","WTemp",69.2596673221,"VU","PP","VU_PP","est","Poorly Protected","Vulnerable"
"101",101,160,"Tyolomnqa",27.583421,-33.22577194,"Warm Temperate Large Temporarily Closed","Vulnerable","Moderately","B","Warm Temperate Large Temporarily Closed","WTemp",69.2596673221,"VU","PP","VU_PP","est","Poorly Protected","Vulnerable"
"102",102,161,"Shelbertsstroom",27.61566397,-33.20709083,"Warm Temperate Small Temporarily Closed","Least Concern","Well","B/C","Warm Temperate Small Temporarily Closed","WTemp",16.1027211742,"LC","MP","LC_MP","est","Moderately Protected","Least Concern"
"103",103,162,"Lilyvale",27.63690897,-33.19285278,"Warm Temperate Small Temporarily Closed","Least Concern","Well","B","Warm Temperate Small Temporarily Closed","WTemp",16.1027211742,"LC","MP","LC_MP","est","Moderately Protected","Least Concern"
"104",104,163,"Ross' Creek",27.657672,-33.17675694,"Warm Temperate Small Temporarily Closed","Least Concern","Well","A/B","Warm Temperate Small Temporarily Closed","WTemp",16.1027211742,"LC","MP","LC_MP","est","Moderately Protected","Least Concern"
"105",105,164,"Ncera (Ncerha)",27.668206,-33.17011583,"Warm Temperate Large Temporarily Closed","Vulnerable","Moderately","B","Warm Temperate Large Temporarily Closed","WTemp",69.2596673221,"VU","PP","VU_PP","est","Poorly Protected","Vulnerable"
"106",106,165,"Mlele",27.67996197,-33.15971194,"Warm Temperate Small Temporarily Closed","Least Concern","Well","B","Warm Temperate Small Temporarily Closed","WTemp",16.1027211742,"LC","MP","LC_MP","est","Moderately Protected","Least Concern"
"107",107,166,"Mcantsi",27.701977,-33.14550889,"Warm Temperate Small Temporarily Closed","Least Concern","Well","B","Warm Temperate Small Temporarily Closed","WTemp",16.1027211742,"LC","MP","LC_MP","est","Moderately Protected","Least Concern"
"108",108,167,"Gxulu",27.73149097,-33.11890497,"Warm Temperate Large Temporarily Closed","Vulnerable","Moderately","B/C","Warm Temperate Large Temporarily Closed","WTemp",69.2596673221,"VU","PP","VU_PP","est","Poorly Protected","Vulnerable"
"109",109,168,"Goda",27.775033,-33.10108997,"Warm Temperate Large Temporarily Closed","Vulnerable","Moderately","B","Warm Temperate Large Temporarily Closed","WTemp",69.2596673221,"VU","PP","VU_PP","est","Poorly Protected","Vulnerable"
"110",110,169,"Hlozi",27.811883,-33.08559697,"Warm Temperate Small Temporarily Closed","Least Concern","Well","B","Warm Temperate Small Temporarily Closed","WTemp",16.1027211742,"LC","MP","LC_MP","est","Moderately Protected","Least Concern"
"111",111,170,"Hickman's",27.83968797,-33.07082889,"Warm Temperate Small Temporarily Closed","Least Concern","Well","B","Warm Temperate Small Temporarily Closed","WTemp",16.1027211742,"LC","MP","LC_MP","est","Moderately Protected","Least Concern"
"112",112,173,"Buffalo",27.916318,-33.02679889,"Warm Temperate Predominantly Open","Vulnerable","Poorly","D","Warm Temperate Predominantly Open","WTemp",176.692482939,"VU","PP","VU_PP","est","Poorly Protected","Vulnerable"
"113",113,174,"Blind",27.92769397,-33.00694444,"Warm Temperate Small Temporarily Closed","Least Concern","Well","D","Warm Temperate Small Temporarily Closed","WTemp",16.1027211742,"LC","MP","LC_MP","est","Moderately Protected","Least Concern"
"114",114,175,"Hlaze (iHlanze)",27.949356,-32.98923083,"Warm Temperate Small Temporarily Closed","Least Concern","Well","C/D","Warm Temperate Small Temporarily Closed","WTemp",16.1027211742,"LC","MP","LC_MP","est","Moderately Protected","Least Concern"
"115",115,176,"Nahoon",27.951704,-32.98643778,"Warm Temperate Predominantly Open","Vulnerable","Poorly","C","Warm Temperate Predominantly Open","WTemp",176.692482939,"VU","PP","VU_PP","est","Poorly Protected","Vulnerable"
"116",116,177,"Qinira (Quinirha)",27.96483297,-32.97420278,"Warm Temperate Large Temporarily Closed","Vulnerable","Moderately","B/C","Warm Temperate Large Temporarily Closed","WTemp",69.2596673221,"VU","PP","VU_PP","est","Poorly Protected","Vulnerable"
"117",117,178,"Gqunube",28.034899,-32.93387597,"Warm Temperate Predominantly Open","Vulnerable","Poorly","B","Warm Temperate Predominantly Open","WTemp",176.692482939,"VU","PP","VU_PP","est","Poorly Protected","Vulnerable"
"118",118,180,"Kwelera (Kwelerha)",28.077002,-32.90735972,"Warm Temperate Predominantly Open","Vulnerable","Poorly","B","Warm Temperate Predominantly Open","WTemp",176.692482939,"VU","PP","VU_PP","est","Poorly Protected","Vulnerable"
"119",119,181,"Bulura (Bulurha)",28.093391,-32.89133472,"Warm Temperate Large Temporarily Closed","Vulnerable","Moderately","B","Warm Temperate Large Temporarily Closed","WTemp",69.2596673221,"VU","PP","VU_PP","est","Poorly Protected","Vulnerable"
"120",120,183,"Cunge",28.11042397,-32.86087694,"Warm Temperate Small Temporarily Closed","Least Concern","Well","A/B","Warm Temperate Small Temporarily Closed","WTemp",16.1027211742,"LC","MP","LC_MP","est","Moderately Protected","Least Concern"
"121",121,184,"Cintsa",28.117044,-32.83143194,"Warm Temperate Large Temporarily Closed","Vulnerable","Moderately","B","Warm Temperate Large Temporarily Closed","WTemp",69.2596673221,"VU","PP","VU_PP","est","Poorly Protected","Vulnerable"
"122",122,185,"Cefane",28.137098,-32.80946389,"Warm Temperate Large Temporarily Closed","Vulnerable","Moderately","B","Warm Temperate Large Temporarily Closed","WTemp",69.2596673221,"VU","PP","VU_PP","est","Poorly Protected","Vulnerable"
"123",123,186,"Kwenxura (Kwenxurha)",28.151588,-32.79877472,"Warm Temperate Large Temporarily Closed","Vulnerable","Moderately","A/B","Warm Temperate Large Temporarily Closed","WTemp",69.2596673221,"VU","PP","VU_PP","est","Poorly Protected","Vulnerable"
"124",124,187,"Nyara (Nyarha)",28.18201697,-32.78522997,"Warm Temperate Large Temporarily Closed","Vulnerable","Moderately","A/B","Warm Temperate Large Temporarily Closed","WTemp",69.2596673221,"VU","PP","VU_PP","est","Poorly Protected","Vulnerable"
"125",125,189,"Imtwendwe (Mtwendwe)",28.23697597,-32.77003694,"Warm Temperate Small Temporarily Closed","Least Concern","Well","A/B","Warm Temperate Small Temporarily Closed","WTemp",16.1027211742,"LC","MP","LC_MP","est","Moderately Protected","Least Concern"
"126",126,190,"Haga-haga",28.25318497,-32.76191694,"Warm Temperate Small Temporarily Closed","Least Concern","Well","A/B","Warm Temperate Small Temporarily Closed","WTemp",16.1027211742,"LC","MP","LC_MP","est","Moderately Protected","Least Concern"
"127",127,192,"Mtendwe",28.285847,-32.74078778,"Warm Temperate Small Temporarily Closed","Least Concern","Well","A/B","Warm Temperate Small Temporarily Closed","WTemp",16.1027211742,"LC","MP","LC_MP","est","Moderately Protected","Least Concern"
"128",128,194,"Quko",28.30953797,-32.72563972,"Warm Temperate Large Temporarily Closed","Vulnerable","Moderately","A","Warm Temperate Large Temporarily Closed","WTemp",69.2596673221,"VU","PP","VU_PP","est","Poorly Protected","Vulnerable"
"129",129,195,"Morgan",28.34404697,-32.70859694,"Warm Temperate Large Temporarily Closed","Vulnerable","Moderately","B","Warm Temperate Large Temporarily Closed","WTemp",69.2596673221,"VU","PP","VU_PP","est","Poorly Protected","Vulnerable"
"130",130,196,"Cwili",28.37373697,-32.69089278,"Warm Temperate Small Temporarily Closed","Least Concern","Well","B","Warm Temperate Small Temporarily Closed","WTemp",16.1027211742,"LC","MP","LC_MP","est","Moderately Protected","Least Concern"
"131",131,197,"Great Kei",28.385964,-32.67988694,"Warm Temperate Large Fluvially Dominated","Vulnerable","Poorly","C","Warm Temperate Large Fluvially Dominated","WTemp",5.72582112925,"VU","NP","VU_NP","est","Not Protected","Vulnerable"
"132",132,198,"Gxara (Gxarha)",28.39912997,-32.66615778,"Warm Temperate Large Temporarily Closed","Vulnerable","Moderately","A/B","Warm Temperate Large Temporarily Closed","WTemp",69.2596673221,"VU","PP","VU_PP","est","Poorly Protected","Vulnerable"
"133",133,200,"Ngogwane",28.42164167,-32.64869722,"Warm Temperate Small Temporarily Closed","Least Concern","Well","B","Warm Temperate Small Temporarily Closed","WTemp",16.1027211742,"LC","MP","LC_MP","est","Moderately Protected","Least Concern"
"134",134,201,"Qolora (Qolorha)",28.43494167,-32.62991667,"Warm Temperate Large Temporarily Closed","Vulnerable","Moderately","B","Warm Temperate Large Temporarily Closed","WTemp",69.2596673221,"VU","PP","VU_PP","est","Poorly Protected","Vulnerable"
"135",135,202,"Ncizele",28.43796667,-32.62847222,"Warm Temperate Small Temporarily Closed","Least Concern","Well","A/B","Warm Temperate Small Temporarily Closed","WTemp",16.1027211742,"LC","MP","LC_MP","est","Moderately Protected","Least Concern"
"136",136,203,"Timba",28.44587778,-32.62545833,"Warm Temperate Small Temporarily Closed","Least Concern","Well","B","Warm Temperate Small Temporarily Closed","WTemp",16.1027211742,"LC","MP","LC_MP","est","Moderately Protected","Least Concern"
"137",137,205,"Kobonqaba (Khobonqaba)",28.490359,-32.60783583,"Warm Temperate Predominantly Open","Vulnerable","Poorly","B","Warm Temperate Predominantly Open","WTemp",176.692482939,"VU","PP","VU_PP","est","Poorly Protected","Vulnerable"
"138",138,206,"Nxaxo/Ngqusi",28.52625897,-32.58473097,"Warm Temperate Large Temporarily Closed","Vulnerable","Moderately","B","Warm Temperate Large Temporarily Closed","WTemp",69.2596673221,"VU","PP","VU_PP","est","Poorly Protected","Vulnerable"
"139",139,208,"Cebe",28.585827,-32.52118694,"Warm Temperate Large Temporarily Closed","Vulnerable","Moderately","A/B","Warm Temperate Large Temporarily Closed","WTemp",69.2596673221,"VU","PP","VU_PP","est","Poorly Protected","Vulnerable"
"140",140,209,"Gqunqe",28.589511,-32.518801,"Warm Temperate Large Temporarily Closed","Vulnerable","Moderately","A/B","Warm Temperate Large Temporarily Closed","WTemp",69.2596673221,"VU","PP","VU_PP","est","Poorly Protected","Vulnerable"
"141",141,210,"Zalu",28.603127,-32.50264397,"Warm Temperate Small Temporarily Closed","Least Concern","Well","A/B","Warm Temperate Small Temporarily Closed","WTemp",16.1027211742,"LC","MP","LC_MP","est","Moderately Protected","Least Concern"
"142",142,211,"Ngqwara (Ngqwarha)",28.614056,-32.494205,"Warm Temperate Large Temporarily Closed","Vulnerable","Moderately","A/B","Warm Temperate Large Temporarily Closed","WTemp",69.2596673221,"VU","PP","VU_PP","est","Poorly Protected","Vulnerable"
"143",143,212,"Sihlontlweni",28.64482297,-32.48137694,"Warm Temperate Small Temporarily Closed","Least Concern","Well","A/B","Warm Temperate Small Temporarily Closed","WTemp",16.1027211742,"LC","MP","LC_MP","est","Moderately Protected","Least Concern"
"144",144,213,"Nebelele",28.65593,-32.46265972,"Warm Temperate Small Temporarily Closed","Least Concern","Well","A/B","Warm Temperate Small Temporarily Closed","WTemp",16.1027211742,"LC","MP","LC_MP","est","Moderately Protected","Least Concern"
"145",145,214,"Qora (Qhorha)",28.673465,-32.44637,"Warm Temperate Predominantly Open","Vulnerable","Poorly","A/B","Warm Temperate Predominantly Open","WTemp",176.692482939,"VU","PP","VU_PP","est","Poorly Protected","Vulnerable"
"146",146,216,"Jujura (Jujurha)",28.693961,-32.4311,"Warm Temperate Small Temporarily Closed","Least Concern","Well","A/B","Warm Temperate Small Temporarily Closed","WTemp",16.1027211742,"LC","MP","LC_MP","est","Moderately Protected","Least Concern"
"147",147,217,"Ngadla",28.70868097,-32.41834997,"Warm Temperate Small Temporarily Closed","Least Concern","Well","A/B","Warm Temperate Small Temporarily Closed","WTemp",16.1027211742,"LC","MP","LC_MP","est","Moderately Protected","Least Concern"
"148",148,219,"Shixini",28.72551297,-32.40310083,"Warm Temperate Predominantly Open","Vulnerable","Poorly","A/B","Warm Temperate Predominantly Open","WTemp",176.692482939,"VU","PP","VU_PP","est","Poorly Protected","Vulnerable"
"149",149,220,"Beechamwood",28.752079,-32.37485889,"Warm Temperate Small Temporarily Closed","Least Concern","Well","A/B","Warm Temperate Small Temporarily Closed","WTemp",16.1027211742,"LC","MP","LC_MP","est","Moderately Protected","Least Concern"
"150",150,221,"Kwazlelitsha (Kwazwedala)",28.75817697,-32.37004194,"Warm Temperate Small Temporarily Closed","Least Concern","Well","A/B","Warm Temperate Small Temporarily Closed","WTemp",16.1027211742,"LC","MP","LC_MP","est","Moderately Protected","Least Concern"
"151",151,222,"Kwa-Goqo",28.76151497,-32.36640278,"Warm Temperate Small Temporarily Closed","Least Concern","Well","A/B","Warm Temperate Small Temporarily Closed","WTemp",16.1027211742,"LC","MP","LC_MP","est","Moderately Protected","Least Concern"
"152",152,223,"Ku-Nocekedwa",28.77779597,-32.34882389,"Warm Temperate Small Temporarily Closed","Least Concern","Well","A/B","Warm Temperate Small Temporarily Closed","WTemp",16.1027211742,"LC","MP","LC_MP","est","Moderately Protected","Least Concern"
"153",153,224,"Nqabara/Nqabarana",28.79033097,-32.33971389,"Warm Temperate Predominantly Open","Vulnerable","Poorly","A/B","Warm Temperate Predominantly Open","WTemp",176.692482939,"VU","PP","VU_PP","est","Poorly Protected","Vulnerable"
"154",154,227,"Ngomane (East)",28.82950556,-32.30526389,"Warm Temperate Small Temporarily Closed","Least Concern","Well","B","Warm Temperate Small Temporarily Closed","WTemp",16.1027211742,"LC","MP","LC_MP","est","Moderately Protected","Least Concern"
"155",155,228,"Ngoma/Kobule",28.83731097,-32.301163,"Warm Temperate Small Temporarily Closed","Least Concern","Well","A/B","Warm Temperate Small Temporarily Closed","WTemp",16.1027211742,"LC","MP","LC_MP","est","Moderately Protected","Least Concern"
"156",156,230,"Mendu",28.877787,-32.28091583,"Warm Temperate Large Temporarily Closed","Vulnerable","Moderately","A/B","Warm Temperate Large Temporarily Closed","WTemp",69.2596673221,"VU","PP","VU_PP","est","Poorly Protected","Vulnerable"
"157",157,231,"Mendwana",28.884238,-32.268926,"Warm Temperate Predominantly Open","Vulnerable","Poorly","A","Warm Temperate Predominantly Open","WTemp",176.692482939,"VU","PP","VU_PP","est","Poorly Protected","Vulnerable"
"158",158,233,"Mbashe",28.901901,-32.249985,"Subtropical Large Fluvially Dominated","Endangered","Poorly","B","Subtropical Large Fluvially Dominated","SubTrop",107.65828848,"EN","PP","EN_PP","est","Poorly Protected","Endangered"
"159",159,234,"Ku-Mpenzu",28.914417,-32.24382694,"Subtropical Small Temporarily Closed","Vulnerable","Moderately","A/B","Subtropical Small Temporarily Closed","SubTrop",20.4839036646,"VU","MP","VU_MP","est","Moderately Protected","Vulnerable"
"160",160,235,"Ku-Bhula (Mbhanyana)",28.928003,-32.22810694,"Subtropical Small Temporarily Closed","Vulnerable","Moderately","A/B","Subtropical Small Temporarily Closed","SubTrop",20.4839036646,"VU","MP","VU_MP","est","Moderately Protected","Vulnerable"
"161",161,238,"Kwa-Suku",28.94688333,-32.20529444,"Subtropical Large Temporarily Closed","Endangered","Poorly","A/B","Subtropical Large Temporarily Closed","SubTrop",50.512089756,"VU","PP","VU_PP","est","Poorly Protected","Vulnerable"
"162",162,239,"Ntlonyane",28.956662,-32.19470278,"Subtropical Large Temporarily Closed","Endangered","Poorly","B","Subtropical Large Temporarily Closed","SubTrop",50.512089756,"VU","PP","VU_PP","est","Poorly Protected","Vulnerable"
"163",163,241,"Nkanya",28.974858,-32.1775,"Subtropical Large Temporarily Closed","Endangered","Poorly","B","Subtropical Large Temporarily Closed","SubTrop",50.512089756,"VU","PP","VU_PP","est","Poorly Protected","Vulnerable"
"164",164,242,"Sundwana",28.98198,-32.173425,"Subtropical Small Temporarily Closed","Vulnerable","Moderately","A","Subtropical Small Temporarily Closed","SubTrop",20.4839036646,"VU","MP","VU_MP","est","Moderately Protected","Vulnerable"
"165",165,243,"Xora",28.99558497,-32.15863389,"Subtropical Predominantly Open","Endangered","Moderately","A/B","Subtropical Predominantly Open","SubTrop",78.4991420167,"VU","PP","VU_PP","est","Poorly Protected","Vulnerable"
"166",166,244,"Bulungula",29.01151797,-32.13800778,"Subtropical Large Temporarily Closed","Endangered","Poorly","A/B","Subtropical Large Temporarily Closed","SubTrop",50.512089756,"VU","PP","VU_PP","est","Poorly Protected","Vulnerable"
"167",167,245,"Ku-Amanzimuzama",29.033381,-32.11492472,"Subtropical Small Temporarily Closed","Vulnerable","Moderately","A","Subtropical Small Temporarily Closed","SubTrop",20.4839036646,"VU","MP","VU_MP","est","Moderately Protected","Vulnerable"
"168",168,247,"Nqakanqa",29.06241997,-32.09863897,"Subtropical Small Temporarily Closed","Vulnerable","Moderately","A/B","Subtropical Small Temporarily Closed","SubTrop",20.4839036646,"VU","MP","VU_MP","est","Moderately Protected","Vulnerable"
"169",169,248,"Mdikana",29.069334,-32.08858397,"Subtropical Small Temporarily Closed","Vulnerable","Moderately","A","Subtropical Small Temporarily Closed","SubTrop",20.4839036646,"VU","MP","VU_MP","est","Moderately Protected","Vulnerable"
"170",170,249,"Mncwasa",29.076077,-32.08270583,"Subtropical Large Temporarily Closed","Endangered","Poorly","B","Subtropical Large Temporarily Closed","SubTrop",50.512089756,"VU","PP","VU_PP","est","Poorly Protected","Vulnerable"
"171",171,253,"Mpako",29.10769497,-32.04023694,"Subtropical Small Temporarily Closed","Vulnerable","Moderately","A/B","Subtropical Small Temporarily Closed","SubTrop",20.4839036646,"VU","MP","VU_MP","est","Moderately Protected","Vulnerable"
"172",172,259,"Nenga",29.15181,-31.985485,"Subtropical Small Temporarily Closed","Vulnerable","Moderately","C","Subtropical Small Temporarily Closed","SubTrop",20.4839036646,"VU","MP","VU_MP","est","Moderately Protected","Vulnerable"
"173",173,260,"Mapuzi",29.168716,-31.96994778,"Subtropical Large Temporarily Closed","Endangered","Poorly","A/B","Subtropical Large Temporarily Closed","SubTrop",50.512089756,"VU","PP","VU_PP","est","Poorly Protected","Vulnerable"
"174",174,261,"Mtata",29.183758,-31.95296278,"Subtropical Predominantly Open","Endangered","Moderately","C","Subtropical Predominantly Open","SubTrop",78.4991420167,"VU","PP","VU_PP","est","Poorly Protected","Vulnerable"
"175",175,262,"Thsani",29.20886,-31.94495972,"Subtropical Small Temporarily Closed","Vulnerable","Moderately","B","Subtropical Small Temporarily Closed","SubTrop",20.4839036646,"VU","MP","VU_MP","est","Moderately Protected","Vulnerable"
"176",176,263,"Mdumbi",29.21629897,-31.93145,"Subtropical Predominantly Open","Endangered","Moderately","B","Subtropical Predominantly Open","SubTrop",78.4991420167,"VU","PP","VU_PP","est","Poorly Protected","Vulnerable"
"177",177,269,"Lwandilana",29.243925,-31.89619778,"Subtropical Small Temporarily Closed","Vulnerable","Moderately","A/B","Subtropical Small Temporarily Closed","SubTrop",20.4839036646,"VU","MP","VU_MP","est","Moderately Protected","Vulnerable"
"178",178,270,"Lwandile",29.247536,-31.89094472,"Subtropical Large Temporarily Closed","Endangered","Poorly","A/B","Subtropical Large Temporarily Closed","SubTrop",50.512089756,"VU","PP","VU_PP","est","Poorly Protected","Vulnerable"
"179",179,274,"Mtakatye",29.270247,-31.85926972,"Subtropical Predominantly Open","Endangered","Moderately","A/B","Subtropical Predominantly Open","SubTrop",78.4991420167,"VU","PP","VU_PP","est","Poorly Protected","Vulnerable"
"180",180,276,"Hluleka",29.303612,-31.82740778,"Subtropical Small Temporarily Closed","Vulnerable","Moderately","A/B","Subtropical Small Temporarily Closed","SubTrop",20.4839036646,"VU","MP","VU_MP","est","Moderately Protected","Vulnerable"
"181",181,277,"Mnenu",29.33008997,-31.80756194,"Subtropical Large Temporarily Closed","Endangered","Poorly","A/B","Subtropical Large Temporarily Closed","SubTrop",50.512089756,"VU","PP","VU_PP","est","Poorly Protected","Vulnerable"
"182",182,278,"Mtonga",29.34829097,-31.79326083,"Subtropical Large Temporarily Closed","Endangered","Poorly","A/B","Subtropical Large Temporarily Closed","SubTrop",50.512089756,"VU","PP","VU_PP","est","Poorly Protected","Vulnerable"
"183",183,281,"Mpande",29.357143,-31.76224889,"Subtropical Large Temporarily Closed","Endangered","Poorly","A/B","Subtropical Large Temporarily Closed","SubTrop",50.512089756,"VU","PP","VU_PP","est","Poorly Protected","Vulnerable"
"184",184,282,"Sinangwana",29.36989397,-31.750498,"Subtropical Small Temporarily Closed","Vulnerable","Moderately","B","Subtropical Small Temporarily Closed","SubTrop",20.4839036646,"VU","MP","VU_MP","est","Moderately Protected","Vulnerable"
"185",185,284,"Mngazana",29.422861,-31.69217694,"Subtropical Predominantly Open","Endangered","Moderately","B","Subtropical Predominantly Open","SubTrop",78.4991420167,"VU","PP","VU_PP","est","Poorly Protected","Vulnerable"
"186",186,285,"Mngazi",29.463134,-31.67718389,"Subtropical Large Temporarily Closed","Endangered","Poorly","B","Subtropical Large Temporarily Closed","SubTrop",50.512089756,"VU","PP","VU_PP","est","Poorly Protected","Vulnerable"
"187",187,288,"Gxwaleni",29.506893,-31.65547389,"Subtropical Small Temporarily Closed","Vulnerable","Moderately","A","Subtropical Small Temporarily Closed","SubTrop",20.4839036646,"VU","MP","VU_MP","est","Moderately Protected","Vulnerable"
"188",188,289,"Bulolo",29.517749,-31.65068097,"Subtropical Small Temporarily Closed","Vulnerable","Moderately","B","Subtropical Small Temporarily Closed","SubTrop",20.4839036646,"VU","MP","VU_MP","est","Moderately Protected","Vulnerable"
"189",189,290,"Mtumbane",29.520481,-31.64786278,"Subtropical Small Temporarily Closed","Vulnerable","Moderately","B","Subtropical Small Temporarily Closed","SubTrop",20.4839036646,"VU","MP","VU_MP","est","Moderately Protected","Vulnerable"
"190",190,291,"Mzimvubu",29.54992897,-31.63114083,"Subtropical Large Fluvially Dominated","Endangered","Poorly","B","Subtropical Large Fluvially Dominated","SubTrop",107.65828848,"EN","PP","EN_PP","est","Poorly Protected","Endangered"
"191",191,294,"Ntlupeni",29.5812275,-31.60896194,"Subtropical Small Temporarily Closed","Vulnerable","Moderately","A/B","Subtropical Small Temporarily Closed","SubTrop",20.4839036646,"VU","MP","VU_MP","est","Moderately Protected","Vulnerable"
"192",192,296,"Nkodusweni",29.60816389,-31.59428333,"Subtropical Large Temporarily Closed","Endangered","Poorly","A/B","Subtropical Large Temporarily Closed","SubTrop",50.512089756,"VU","PP","VU_PP","est","Poorly Protected","Vulnerable"
"193",193,300,"Mntafufu",29.637729,-31.56251889,"Subtropical Predominantly Open","Endangered","Moderately","B","Subtropical Predominantly Open","SubTrop",78.4991420167,"VU","PP","VU_PP","est","Poorly Protected","Vulnerable"
"194",194,303,"Ingo",29.66080556,-31.54914444,"Subtropical Small Temporarily Closed","Vulnerable","Moderately","A","Subtropical Small Temporarily Closed","SubTrop",20.4839036646,"VU","MP","VU_MP","est","Moderately Protected","Vulnerable"
"195",195,306,"Mzintlava",29.68979097,-31.52264389,"Subtropical Predominantly Open","Endangered","Moderately","A/B","Subtropical Predominantly Open","SubTrop",78.4991420167,"VU","PP","VU_PP","est","Poorly Protected","Vulnerable"
"196",196,310,"Mzimpunzi",29.723106,-31.47995889,"Subtropical Small Temporarily Closed","Vulnerable","Moderately","A/B","Subtropical Small Temporarily Closed","SubTrop",20.4839036646,"VU","MP","VU_MP","est","Moderately Protected","Vulnerable"
"197",197,311,"Kwanyambalala",29.73418611,-31.46806236,"Subtropical Small Temporarily Closed","Vulnerable","Moderately","B","Subtropical Small Temporarily Closed","SubTrop",20.4839036646,"VU","MP","VU_MP","est","Moderately Protected","Vulnerable"
"198",198,312,"Mbotyi",29.73432222,-31.46684,"Subtropical Small Temporarily Closed","Vulnerable","Moderately","B","Subtropical Small Temporarily Closed","SubTrop",20.4839036646,"VU","MP","VU_MP","est","Moderately Protected","Vulnerable"
"199",199,314,"Mkozi",29.76157397,-31.44853389,"Subtropical Small Temporarily Closed","Vulnerable","Moderately","A","Subtropical Small Temporarily Closed","SubTrop",20.4839036646,"VU","MP","VU_MP","est","Moderately Protected","Vulnerable"
"200",200,316,"Sikatsha",29.76833333,-31.445,"Subtropical Small Temporarily Closed","Vulnerable","Moderately","A","Subtropical Small Temporarily Closed","SubTrop",20.4839036646,"VU","MP","VU_MP","est","Moderately Protected","Vulnerable"
"201",201,323,"Lupatana",29.851479,-31.42328083,"Subtropical Small Temporarily Closed","Vulnerable","Moderately","A/B","Subtropical Small Temporarily Closed","SubTrop",20.4839036646,"VU","MP","VU_MP","est","Moderately Protected","Vulnerable"
"202",202,324,"Mkweni",29.87283333,-31.40340833,"Subtropical Small Temporarily Closed","Vulnerable","Moderately","A","Subtropical Small Temporarily Closed","SubTrop",20.4839036646,"VU","MP","VU_MP","est","Moderately Protected","Vulnerable"
"203",203,333,"Msikaba",29.96770556,-31.31922222,"Subtropical Predominantly Open","Endangered","Moderately","A/B","Subtropical Predominantly Open","SubTrop",78.4991420167,"VU","PP","VU_PP","est","Poorly Protected","Vulnerable"
"204",204,338,"Mgwegwe",30.011365,-31.28765389,"Subtropical Small Temporarily Closed","Vulnerable","Moderately","A","Subtropical Small Temporarily Closed","SubTrop",20.4839036646,"VU","MP","VU_MP","est","Moderately Protected","Vulnerable"
"205",205,340,"Mgwetyana",30.03971597,-31.26179278,"Subtropical Small Temporarily Closed","Vulnerable","Moderately","A","Subtropical Small Temporarily Closed","SubTrop",20.4839036646,"VU","MP","VU_MP","est","Moderately Protected","Vulnerable"
"206",206,342,"Mtentu",30.04626497,-31.24885694,"Subtropical Predominantly Open","Endangered","Moderately","A/B","Subtropical Predominantly Open","SubTrop",78.4991420167,"VU","PP","VU_PP","est","Poorly Protected","Vulnerable"
"207",207,345,"Sikombe",30.069406,-31.22203694,"Subtropical Small Temporarily Closed","Vulnerable","Moderately","A/B","Subtropical Small Temporarily Closed","SubTrop",20.4839036646,"VU","MP","VU_MP","est","Moderately Protected","Vulnerable"
"208",208,346,"Kwanyana",30.10490597,-31.18633083,"Subtropical Small Temporarily Closed","Vulnerable","Moderately","A/B","Subtropical Small Temporarily Closed","SubTrop",20.4839036646,"VU","MP","VU_MP","est","Moderately Protected","Vulnerable"
"209",209,347,"Mtolane",30.12697597,-31.159672,"Subtropical Small Temporarily Closed","Vulnerable","Moderately","A","Subtropical Small Temporarily Closed","SubTrop",20.4839036646,"VU","MP","VU_MP","est","Moderately Protected","Vulnerable"
"210",210,348,"Mnyameni",30.13378,-31.152132,"Subtropical Large Temporarily Closed","Endangered","Poorly","A/B","Subtropical Large Temporarily Closed","SubTrop",50.512089756,"VU","PP","VU_PP","est","Poorly Protected","Vulnerable"
"211",211,350,"Mpahlanyana",30.16016197,-31.124438,"Subtropical Small Temporarily Closed","Vulnerable","Moderately","A/B","Subtropical Small Temporarily Closed","SubTrop",20.4839036646,"VU","MP","VU_MP","est","Moderately Protected","Vulnerable"
"212",212,351,"Mpahlane",30.16484,-31.119444,"Subtropical Small Temporarily Closed","Vulnerable","Moderately","A/B","Subtropical Small Temporarily Closed","SubTrop",20.4839036646,"VU","MP","VU_MP","est","Moderately Protected","Vulnerable"
"213",213,352,"Mzamba",30.17399997,-31.10885,"Subtropical Predominantly Open","Endangered","Moderately","B","Subtropical Predominantly Open","SubTrop",78.4991420167,"VU","PP","VU_PP","est","Poorly Protected","Vulnerable"
"214",214,353,"Mtentwana",30.18755497,-31.08829897,"Subtropical Small Temporarily Closed","Vulnerable","Moderately","C","Subtropical Small Temporarily Closed","SubTrop",20.4839036646,"VU","MP","VU_MP","est","Moderately Protected","Vulnerable"
"215",215,354,"uMthavuna",30.193694,-31.08452,"Subtropical Large Temporarily Closed","Endangered","Poorly","B","Subtropical Large Temporarily Closed","SubTrop",50.512089756,"VU","PP","VU_PP","est","Poorly Protected","Vulnerable"
"216",216,355,"iSolwane",30.20482,-31.07539389,"Subtropical Small Temporarily Closed","Vulnerable","Moderately","B","Subtropical Small Temporarily Closed","SubTrop",20.4839036646,"VU","MP","VU_MP","est","Moderately Protected","Vulnerable"
"217",217,360,"iSandlu",30.22905797,-31.04261997,"Subtropical Small Temporarily Closed","Vulnerable","Moderately","C","Subtropical Small Temporarily Closed","SubTrop",20.4839036646,"VU","MP","VU_MP","est","Moderately Protected","Vulnerable"
"218",218,361,"uMbhoyibhoyi",30.235601,-31.03466,"Subtropical Small Temporarily Closed","Vulnerable","Moderately","B","Subtropical Small Temporarily Closed","SubTrop",20.4839036646,"VU","MP","VU_MP","est","Moderately Protected","Vulnerable"
"219",219,364,"uMuntongazi",30.25683097,-31.011437,"Subtropical Small Temporarily Closed","Vulnerable","Moderately","B/C","Subtropical Small Temporarily Closed","SubTrop",20.4839036646,"VU","MP","VU_MP","est","Moderately Protected","Vulnerable"
"220",220,365,"iKhandalendlovu",30.269293,-30.99739583,"Subtropical Small Temporarily Closed","Vulnerable","Moderately","B","Subtropical Small Temporarily Closed","SubTrop",20.4839036646,"VU","MP","VU_MP","est","Moderately Protected","Vulnerable"
"221",221,370,"iMpenjani",30.284106,-30.97370778,"Subtropical Large Temporarily Closed","Endangered","Poorly","B/C","Subtropical Large Temporarily Closed","SubTrop",50.512089756,"VU","PP","VU_PP","est","Poorly Protected","Vulnerable"
"222",222,371,"uMhlangomkhulu (South) (Umhlangankulu)",30.30307497,-30.94541389,"Subtropical Large Temporarily Closed","Endangered","Poorly","C","Subtropical Large Temporarily Closed","SubTrop",50.512089756,"VU","PP","VU_PP","est","Poorly Protected","Vulnerable"
"223",223,372,"iKhaba",30.308989,-30.935966,"Subtropical Small Temporarily Closed","Vulnerable","Moderately","C","Subtropical Small Temporarily Closed","SubTrop",20.4839036646,"VU","MP","VU_MP","est","Moderately Protected","Vulnerable"
"224",224,374,"iMbizana",30.334784,-30.90863972,"Subtropical Large Temporarily Closed","Endangered","Poorly","B","Subtropical Large Temporarily Closed","SubTrop",50.512089756,"VU","PP","VU_PP","est","Poorly Protected","Vulnerable"
"225",225,377,"iMvutshini",30.34713597,-30.89407889,"Subtropical Small Temporarily Closed","Vulnerable","Moderately","B/C","Subtropical Small Temporarily Closed","SubTrop",20.4839036646,"VU","MP","VU_MP","est","Moderately Protected","Vulnerable"
"226",226,378,"iBilanhlonhlo",30.34892997,-30.89019083,"Subtropical Small Temporarily Closed","Vulnerable","Moderately","C","Subtropical Small Temporarily Closed","SubTrop",20.4839036646,"VU","MP","VU_MP","est","Moderately Protected","Vulnerable"
"227",227,379,"uVuzana",30.35895597,-30.87840389,"Subtropical Small Temporarily Closed","Vulnerable","Moderately","C","Subtropical Small Temporarily Closed","SubTrop",20.4839036646,"VU","MP","VU_MP","est","Moderately Protected","Vulnerable"
"228",228,380,"iKongeni",30.37273597,-30.86146889,"Subtropical Small Temporarily Closed","Vulnerable","Moderately","D/E","Subtropical Small Temporarily Closed","SubTrop",20.4839036646,"VU","MP","VU_MP","est","Moderately Protected","Vulnerable"
"229",229,382,"uVunguza",30.39531397,-30.83648472,"Subtropical Small Temporarily Closed","Vulnerable","Moderately","B","Subtropical Small Temporarily Closed","SubTrop",20.4839036646,"VU","MP","VU_MP","est","Moderately Protected","Vulnerable"
"230",230,384,"oHlangeni",30.405588,-30.820225,"Subtropical Large Temporarily Closed","Endangered","Poorly","C","Subtropical Large Temporarily Closed","SubTrop",50.512089756,"VU","PP","VU_PP","est","Poorly Protected","Vulnerable"
"231",231,389,"iZotsha",30.42365797,-30.78953389,"Subtropical Large Temporarily Closed","Endangered","Poorly","B/C","Subtropical Large Temporarily Closed","SubTrop",50.512089756,"VU","PP","VU_PP","est","Poorly Protected","Vulnerable"
"232",232,390,"iBhobhoyi",30.43923697,-30.77069694,"Subtropical Small Temporarily Closed","Vulnerable","Moderately","B/C","Subtropical Small Temporarily Closed","SubTrop",20.4839036646,"VU","MP","VU_MP","est","Moderately Protected","Vulnerable"
"233",233,392,"uMbango",30.447669,-30.75770694,"Subtropical Small Temporarily Closed","Vulnerable","Moderately","E","Subtropical Small Temporarily Closed","SubTrop",20.4839036646,"VU","MP","VU_MP","est","Moderately Protected","Vulnerable"
"234",234,393,"uMzimkhulu",30.4583,-30.73983278,"Subtropical Predominantly Open","Endangered","Moderately","B","Subtropical Predominantly Open","SubTrop",78.4991420167,"VU","PP","VU_PP","est","Poorly Protected","Vulnerable"
"235",235,395,"uMthente",30.48169497,-30.70959278,"Subtropical Large Temporarily Closed","Endangered","Poorly","C","Subtropical Large Temporarily Closed","SubTrop",50.512089756,"VU","PP","VU_PP","est","Poorly Protected","Vulnerable"
"236",236,396,"uMhlangomkhulu (North) (Mhlangamkulu)",30.498345,-30.688165,"Subtropical Large Temporarily Closed","Endangered","Poorly","C","Subtropical Large Temporarily Closed","SubTrop",50.512089756,"VU","PP","VU_PP","est","Poorly Protected","Vulnerable"
"237",237,399,"iDombe",30.51042597,-30.67246194,"Subtropical Large Temporarily Closed","Endangered","Poorly","D","Subtropical Large Temporarily Closed","SubTrop",50.512089756,"VU","PP","VU_PP","est","Poorly Protected","Vulnerable"
"238",238,402,"iKhoshwana",30.517298,-30.66031583,"Subtropical Large Temporarily Closed","Endangered","Poorly","C/D","Subtropical Large Temporarily Closed","SubTrop",50.512089756,"VU","PP","VU_PP","est","Poorly Protected","Vulnerable"
"239",239,406,"iNjambili",30.53653397,-30.637205,"Subtropical Small Temporarily Closed","Vulnerable","Moderately","C","Subtropical Small Temporarily Closed","SubTrop",20.4839036646,"VU","MP","VU_MP","est","Moderately Protected","Vulnerable"
"240",240,408,"uMzumbe",30.547781,-30.61392583,"Subtropical Large Temporarily Closed","Endangered","Poorly","C/D","Subtropical Large Temporarily Closed","SubTrop",50.512089756,"VU","PP","VU_PP","est","Poorly Protected","Vulnerable"
"241",241,410,"uMhlabashana",30.57139897,-30.584478,"Subtropical Large Temporarily Closed","Endangered","Poorly","B/C","Subtropical Large Temporarily Closed","SubTrop",50.512089756,"VU","PP","VU_PP","est","Poorly Protected","Vulnerable"
"242",242,413,"uMhlungwa",30.58323497,-30.56081278,"Subtropical Large Temporarily Closed","Endangered","Poorly","C","Subtropical Large Temporarily Closed","SubTrop",50.512089756,"VU","PP","VU_PP","est","Poorly Protected","Vulnerable"
"243",243,415,"uMfazezala",30.60706497,-30.531815,"Subtropical Large Temporarily Closed","Endangered","Poorly","C","Subtropical Large Temporarily Closed","SubTrop",50.512089756,"VU","PP","VU_PP","est","Poorly Protected","Vulnerable"
"244",244,416,"uMakhosi",30.610236,-30.52585694,"Subtropical Small Temporarily Closed","Vulnerable","Moderately","B/C","Subtropical Small Temporarily Closed","SubTrop",20.4839036646,"VU","MP","VU_MP","est","Moderately Protected","Vulnerable"
"245",245,419,"uMnamfu",30.62472197,-30.50840889,"Subtropical Small Temporarily Closed","Vulnerable","Moderately","C","Subtropical Small Temporarily Closed","SubTrop",20.4839036646,"VU","MP","VU_MP","est","Moderately Protected","Vulnerable"
"246",246,420,"uMthwalume",30.6356,-30.485175,"Subtropical Large Temporarily Closed","Endangered","Poorly","C","Subtropical Large Temporarily Closed","SubTrop",50.512089756,"VU","PP","VU_PP","est","Poorly Protected","Vulnerable"
"247",247,422,"uMvuzi",30.647614,-30.46979889,"Subtropical Large Temporarily Closed","Endangered","Poorly","C","Subtropical Large Temporarily Closed","SubTrop",50.512089756,"VU","PP","VU_PP","est","Poorly Protected","Vulnerable"
"248",248,423,"iFafa",30.653613,-30.45668694,"Subtropical Large Temporarily Closed","Endangered","Poorly","C/D","Subtropical Large Temporarily Closed","SubTrop",50.512089756,"VU","PP","VU_PP","est","Poorly Protected","Vulnerable"
"249",249,426,"uMdesingane",30.67159097,-30.42604778,"Subtropical Small Temporarily Closed","Vulnerable","Moderately","D","Subtropical Small Temporarily Closed","SubTrop",20.4839036646,"VU","MP","VU_MP","est","Moderately Protected","Vulnerable"
"250",250,427,"iSezela",30.67774297,-30.41501278,"Subtropical Large Temporarily Closed","Endangered","Poorly","C","Subtropical Large Temporarily Closed","SubTrop",50.512089756,"VU","PP","VU_PP","est","Poorly Protected","Vulnerable"
"251",251,428,"uMkhumbane",30.682835,-30.40560694,"Subtropical Small Temporarily Closed","Vulnerable","Moderately","C","Subtropical Small Temporarily Closed","SubTrop",20.4839036646,"VU","MP","VU_MP","est","Moderately Protected","Vulnerable"
"252",252,431,"iNkomba",30.720378,-30.35287694,"Subtropical Small Temporarily Closed","Vulnerable","Moderately","C","Subtropical Small Temporarily Closed","SubTrop",20.4839036646,"VU","MP","VU_MP","est","Moderately Protected","Vulnerable"
"253",253,432,"uMuziwezinto",30.70914497,-30.36764097,"Subtropical Large Temporarily Closed","Endangered","Poorly","C/D","Subtropical Large Temporarily Closed","SubTrop",50.512089756,"VU","PP","VU_PP","est","Poorly Protected","Vulnerable"
"254",254,433,"uMzimayi",30.727318,-30.34647,"Subtropical Small Temporarily Closed","Vulnerable","Moderately","C/D","Subtropical Small Temporarily Closed","SubTrop",20.4839036646,"VU","MP","VU_MP","est","Moderately Protected","Vulnerable"
"255",255,434,"Rocky Bay",30.7346375,-30.33380681,"Subtropical Small Temporarily Closed","Vulnerable","Moderately","C/D","Subtropical Small Temporarily Closed","SubTrop",20.4839036646,"VU","MP","VU_MP","est","Moderately Protected","Vulnerable"
"256",256,438,"uMphambanyoni",30.75929597,-30.28039778,"Subtropical Small Temporarily Closed","Vulnerable","Moderately","C","Subtropical Small Temporarily Closed","SubTrop",20.4839036646,"VU","MP","VU_MP","est","Moderately Protected","Vulnerable"
"257",257,439,"aMahlongwa",30.763926,-30.269138,"Subtropical Small Temporarily Closed","Vulnerable","Moderately","C","Subtropical Small Temporarily Closed","SubTrop",20.4839036646,"VU","MP","VU_MP","est","Moderately Protected","Vulnerable"
"258",258,442,"uMahlongwane",30.793734,-30.22513278,"Subtropical Large Temporarily Closed","Endangered","Poorly","C","Subtropical Large Temporarily Closed","SubTrop",50.512089756,"VU","PP","VU_PP","est","Poorly Protected","Vulnerable"
"259",259,444,"uMkhomazi",30.803868,-30.20258897,"Subtropical Predominantly Open","Endangered","Moderately","C","Subtropical Predominantly Open","SubTrop",78.4991420167,"VU","PP","VU_PP","est","Poorly Protected","Vulnerable"
"260",260,445,"iNgane",30.817131,-30.17884,"Subtropical Small Temporarily Closed","Vulnerable","Moderately","C","Subtropical Small Temporarily Closed","SubTrop",20.4839036646,"VU","MP","VU_MP","est","Moderately Protected","Vulnerable"
"261",261,446,"uMgababa",30.83072697,-30.15567,"Subtropical Large Temporarily Closed","Endangered","Poorly","C","Subtropical Large Temporarily Closed","SubTrop",50.512089756,"VU","PP","VU_PP","est","Poorly Protected","Vulnerable"
"262",262,448,"uMsimbazi",30.847659,-30.12952397,"Subtropical Large Temporarily Closed","Endangered","Poorly","B/C","Subtropical Large Temporarily Closed","SubTrop",50.512089756,"VU","PP","VU_PP","est","Poorly Protected","Vulnerable"
"263",263,449,"iLovu",30.857575,-30.105432,"Subtropical Large Temporarily Closed","Endangered","Poorly","C/D","Subtropical Large Temporarily Closed","SubTrop",50.512089756,"VU","PP","VU_PP","est","Poorly Protected","Vulnerable"
"264",264,451,"aManzanamtoti",30.87326097,-30.078032,"Subtropical Small Temporarily Closed","Vulnerable","Moderately","E","Subtropical Small Temporarily Closed","SubTrop",20.4839036646,"VU","MP","VU_MP","est","Moderately Protected","Vulnerable"
"265",265,452,"aManzimtoti",30.884643,-30.05855997,"Subtropical Large Temporarily Closed","Endangered","Poorly","D/E","Subtropical Large Temporarily Closed","SubTrop",50.512089756,"VU","PP","VU_PP","est","Poorly Protected","Vulnerable"
"266",266,453,"iZimbokodo",30.93678797,-30.009709,"Subtropical Large Temporarily Closed","Endangered","Poorly","E","Subtropical Large Temporarily Closed","SubTrop",50.512089756,"VU","PP","VU_PP","est","Poorly Protected","Vulnerable"
"267",267,454,"iSiphingo",30.951261,-29.99589694,"Subtropical Predominantly Open","Endangered","Moderately","F","Subtropical Predominantly Open","SubTrop",78.4991420167,"VU","PP","VU_PP","est","Poorly Protected","Vulnerable"
"268",268,455,"Durban Bay",31.062508,-29.86613472,"Subtropical Estuarine Bay","Critically Endangered","Not Protected","E","Subtropical Estuarine Bay","SubTrop",28.1520198775,"CR","NP","CR_NP","est","Not Protected","Critically Endangered"
"269",269,456,"uMngeni",31.04261197,-29.80849583,"Subtropical Predominantly Open","Endangered","Moderately","E","Subtropical Predominantly Open","SubTrop",78.4991420167,"VU","PP","VU_PP","est","Poorly Protected","Vulnerable"
"270",270,457,"uMhlanga",31.101473,-29.70300889,"Subtropical Large Temporarily Closed","Endangered","Poorly","D","Subtropical Large Temporarily Closed","SubTrop",50.512089756,"VU","PP","VU_PP","est","Poorly Protected","Vulnerable"
"271",271,458,"uMdloti",31.129148,-29.650593,"Subtropical Large Temporarily Closed","Endangered","Poorly","D","Subtropical Large Temporarily Closed","SubTrop",50.512089756,"VU","PP","VU_PP","est","Poorly Protected","Vulnerable"
"272",272,462,"uThongathi",31.184885,-29.57340972,"Subtropical Large Temporarily Closed","Endangered","Poorly","D","Subtropical Large Temporarily Closed","SubTrop",50.512089756,"VU","PP","VU_PP","est","Poorly Protected","Vulnerable"
"273",273,470,"uMhlali",31.27816997,-29.46015972,"Subtropical Large Temporarily Closed","Endangered","Poorly","D","Subtropical Large Temporarily Closed","SubTrop",50.512089756,"VU","PP","VU_PP","est","Poorly Protected","Vulnerable"
"274",274,471,"Bob’s Stream",31.294736,-29.43797694,"Subtropical Small Temporarily Closed","Vulnerable","Moderately","B/C","Subtropical Small Temporarily Closed","SubTrop",20.4839036646,"VU","MP","VU_MP","est","Moderately Protected","Vulnerable"
"275",275,472,"uSetheni",31.302904,-29.42935194,"Subtropical Small Temporarily Closed","Vulnerable","Moderately","B/C","Subtropical Small Temporarily Closed","SubTrop",20.4839036646,"VU","MP","VU_MP","est","Moderately Protected","Vulnerable"
"276",276,476,"uMvoti",31.334854,-29.39188194,"Subtropical Large Fluvially Dominated","Endangered","Poorly","D","Subtropical Large Fluvially Dominated","SubTrop",107.65828848,"EN","PP","EN_PP","est","Poorly Protected","Endangered"
"277",277,477,"uMdlotane",31.373829,-29.35240297,"Subtropical Large Temporarily Closed","Endangered","Poorly","B","Subtropical Large Temporarily Closed","SubTrop",50.512089756,"VU","PP","VU_PP","est","Poorly Protected","Vulnerable"
"278",278,478,"iNonoti",31.40708,-29.318857,"Subtropical Large Temporarily Closed","Endangered","Poorly","C","Subtropical Large Temporarily Closed","SubTrop",50.512089756,"VU","PP","VU_PP","est","Poorly Protected","Vulnerable"
"279",279,479,"iZinkwazi",31.44347797,-29.28159,"Subtropical Large Temporarily Closed","Endangered","Poorly","B/C","Subtropical Large Temporarily Closed","SubTrop",50.512089756,"VU","PP","VU_PP","est","Poorly Protected","Vulnerable"
"280",280,480,"uThukela",31.501006,-29.22425278,"Subtropical Large Fluvially Dominated","Endangered","Poorly","D","Subtropical Large Fluvially Dominated","SubTrop",107.65828848,"EN","PP","EN_PP","est","Poorly Protected","Endangered"
"281",281,481,"aMatigulu/iNyoni",31.644552,-29.083696,"Subtropical Predominantly Open","Endangered","Moderately","B","Subtropical Predominantly Open","SubTrop",78.4991420167,"VU","PP","VU_PP","est","Poorly Protected","Vulnerable"
"282",282,482,"iSiyaya",31.763138,-28.966881,"Subtropical Small Temporarily Closed","Vulnerable","Moderately","E","Subtropical Small Temporarily Closed","SubTrop",20.4839036646,"VU","MP","VU_MP","est","Moderately Protected","Vulnerable"
"283",283,483,"uMlalazi",31.82302697,-28.94472083,"Subtropical Predominantly Open","Endangered","Moderately","B","Subtropical Predominantly Open","SubTrop",78.4991420167,"VU","PP","VU_PP","est","Poorly Protected","Vulnerable"
"284",284,486,"uMhlathuze",32.04999097,-28.84887472,"Subtropical Estuarine Lake","Endangered","Poorly","D","Subtropical Estuarine Lake","SubTrop",818.752767461,"EN","MP","EN_MP","est","Moderately Protected","Endangered"
"285",285,487,"Richards Bay",32.09776697,-28.814205,"Subtropical Estuarine Lake","Endangered","Poorly","D","Subtropical Estuarine Lake","SubTrop",818.752767461,"EN","MP","EN_MP","est","Moderately Protected","Endangered"
"286",286,488,"iNhlabane",32.25711797,-28.66140583,"Subtropical Estuarine Lake","Endangered","Poorly","E","Subtropical Estuarine Lake","SubTrop",818.752767461,"EN","MP","EN_MP","est","Moderately Protected","Endangered"
"287",287,489,"iMfolozi/uMsunduze",32.425051,-28.389275,"Subtropical Large Fluvially Dominated","Endangered","Poorly","D","Subtropical Large Fluvially Dominated","SubTrop",107.65828848,"EN","PP","EN_PP","est","Poorly Protected","Endangered"
"288",288,490,"St Lucia",32.42472897,-28.38256278,"Subtropical Estuarine Lake","Endangered","Poorly","D","Subtropical Estuarine Lake","SubTrop",818.752767461,"EN","MP","EN_MP","est","Moderately Protected","Endangered"
"289",289,491,"uMgobezeleni",32.68059497,-27.53955278,"Tropical Estuarine Lake","Vulnerable","Moderately","B","Tropical Estuarine Lake","Tropical",81.6629477244,"VU","MP","VU_MP","est","Moderately Protected","Vulnerable"
"290",290,492,"Kosi",32.880789,-26.89517389,"Tropical Estuarine Lake","Vulnerable","Moderately","A/B","Tropical Estuarine Lake","Tropical",81.6629477244,"VU","MP","VU_MP","est","Moderately Protected","Vulnerable"
